pão,manteiga,ovo,feijão,frango
queijo,chocolate,cerveja
feijão,pão,chocolate,leite,manteiga,frango,ovo
cerveja,pão,arroz,manteiga,queijo,feijão,ovo,salgadinho
salgadinho,ovo,chocolate,frango
manteiga,ovo
cerveja,manteiga
cerveja,leite,refrigerante,frango,pão,arroz,salgadinho,chocolate,feijão,ovo,manteiga
queijo
pão,queijo,salgadinho,arroz,chocolate,cerveja,ovo,leite,refrigerante,manteiga,feijão,frango
manteiga,arroz,chocolate,queijo,feijão,pão,salgadinho,refrigerante,cerveja,frango,ovo,leite
ovo,manteiga,salgadinho,arroz
feijão
ovo,salgadinho,chocolate,feijão,queijo,pão,cerveja
leite,cerveja,pão,manteiga,chocolate,queijo,feijão
refrigerante,leite,frango,pão,salgadinho,arroz,ovo,queijo,chocolate,manteiga,cerveja,feijão
chocolate,queijo,refrigerante
salgadinho
leite,ovo,salgadinho,frango,refrigerante,cerveja,pão,manteiga
leite,frango,salgadinho,manteiga,arroz,chocolate,feijão,refrigerante,ovo
cerveja,refrigerante
manteiga,leite,feijão,refrigerante
cerveja,leite,pão,arroz
frango,feijão,queijo
salgadinho,pão,refrigerante,manteiga,frango,chocolate,arroz,cerveja,ovo,feijão,queijo
ovo,arroz,leite,salgadinho,refrigerante,pão
refrigerante,arroz,chocolate,feijão,cerveja
queijo,cerveja,arroz
chocolate,feijão,ovo
cerveja
manteiga,frango
salgadinho,feijão,refrigerante,frango,cerveja,pão,manteiga,chocolate,leite,arroz,ovo
manteiga,salgadinho,refrigerante
salgadinho,pão,queijo,ovo,refrigerante,manteiga,arroz,cerveja,chocolate,leite
frango,manteiga,refrigerante,ovo,cerveja,queijo,arroz,salgadinho,chocolate,pão,leite
feijão,pão,refrigerante,queijo,manteiga,arroz,salgadinho,leite,frango,ovo,cerveja,chocolate
frango,feijão,salgadinho,arroz,pão,ovo,chocolate,queijo,leite,refrigerante,manteiga,cerveja
salgadinho,arroz,queijo,leite,frango,refrigerante,feijão,pão,ovo
salgadinho
ovo,manteiga,frango,salgadinho,feijão,leite,arroz
pão,salgadinho,cerveja,frango,chocolate,manteiga,refrigerante,leite,feijão,ovo,arroz
feijão,refrigerante,cerveja,manteiga,frango,leite,salgadinho,pão,arroz
feijão
refrigerante,pão,feijão,arroz,manteiga,leite,salgadinho
refrigerante
queijo,cerveja,chocolate,salgadinho,frango,ovo,manteiga,leite
ovo,leite,refrigerante,salgadinho,queijo,chocolate,arroz,frango,cerveja,manteiga
feijão,leite,chocolate
ovo,manteiga,refrigerante,queijo,leite,arroz,feijão,pão,frango
salgadinho,feijão,manteiga,arroz,leite,chocolate,queijo
queijo,ovo,arroz,cerveja,chocolate,manteiga,pão,refrigerante,frango,salgadinho,leite
cerveja,chocolate,pão,refrigerante,salgadinho,ovo
pão,feijão,cerveja,salgadinho,chocolate,ovo,frango,arroz,queijo,leite,manteiga
refrigerante,arroz,ovo,pão,frango,queijo,chocolate,cerveja,feijão,leite
feijão,frango,manteiga
frango,queijo,leite,manteiga,feijão,refrigerante
cerveja,salgadinho,pão,chocolate,queijo,refrigerante,manteiga,arroz,ovo
cerveja
ovo,pão,arroz,chocolate,leite,frango,cerveja,feijão,queijo
refrigerante,manteiga,feijão,arroz,leite,cerveja,ovo,pão,salgadinho,chocolate,queijo,frango
refrigerante,queijo,frango,manteiga,pão,feijão,cerveja,leite,arroz
chocolate,refrigerante
cerveja
queijo,salgadinho
cerveja,chocolate,queijo,manteiga,arroz
frango,pão,cerveja,refrigerante,queijo,manteiga,chocolate,ovo,arroz,leite,salgadinho
salgadinho,pão,ovo,frango,chocolate
leite,arroz,pão
manteiga,frango
ovo,salgadinho,pão,refrigerante
ovo,refrigerante,arroz,chocolate,cerveja,frango,manteiga,feijão,queijo
frango,chocolate,arroz,salgadinho,refrigerante,cerveja,queijo,ovo,pão,manteiga,feijão,leite
leite,refrigerante,arroz,frango,feijão
ovo,feijão,manteiga,pão,cerveja,leite,queijo,refrigerante,arroz,chocolate
queijo,manteiga,pão,feijão,salgadinho,refrigerante,leite,cerveja,ovo,frango,chocolate,arroz
chocolate
salgadinho,queijo,arroz,leite,refrigerante,chocolate,feijão
ovo,cerveja,chocolate,refrigerante,frango,manteiga,arroz,salgadinho
pão
ovo,refrigerante,arroz,pão
refrigerante,ovo,chocolate,manteiga,frango,queijo,cerveja,arroz,salgadinho,pão,feijão
pão
cerveja,ovo,feijão,leite,pão,frango,arroz
leite,arroz,chocolate,frango,manteiga
leite,salgadinho
leite
chocolate,salgadinho,pão,leite,refrigerante,frango,arroz,cerveja,queijo,manteiga,feijão
ovo,arroz,leite,pão,frango,manteiga,chocolate
salgadinho,ovo,refrigerante,arroz,chocolate,leite,pão,queijo
arroz,ovo,salgadinho,manteiga,cerveja,leite,frango
pão,refrigerante,feijão
refrigerante,pão
refrigerante,queijo,frango,arroz,chocolate,ovo,cerveja
refrigerante,ovo,manteiga,frango,arroz
cerveja,refrigerante,leite,pão,arroz,frango,chocolate,queijo,feijão,manteiga,ovo
pão,chocolate,arroz,leite,refrigerante,feijão,ovo
refrigerante,manteiga,chocolate
queijo,feijão,leite,refrigerante,frango,pão,ovo,arroz,chocolate,cerveja
chocolate,arroz
leite,manteiga,chocolate,queijo
